<?xml version="1.0"?>
<!--<!DOCTYPE metadata SYSTEM "http://www.esri.com/metadata/esriprof80.dtd">-->
<metadata xml:lang="en"><Esri><CreaDate>20110709</CreaDate><CreaTime>18242700</CreaTime><SyncOnce>TRUE</SyncOnce><MetaID>{AE740DB9-0F4F-45AB-9BC9-5A7B43E71DF5}</MetaID></Esri><idinfo><citation><citeinfo><onlink Sync="TRUE">\\DD8DYYBH1\W\tutorial\resist.img</onlink></citeinfo></citation></idinfo><distInfo><distributor><distorTran><onLineSrc><linkage Sync="TRUE">file://\\DD8DYYBH1\W\tutorial\resist.img</linkage><protocol Sync="TRUE">Local Area Network</protocol></onLineSrc></distorTran></distributor></distInfo><dataqual><lineage><procstep><procdesc Sync="TRUE">Dataset copied.</procdesc><srcused Sync="TRUE">D:\Thesis_LCCC_WA\tf\data_main\LI_resist_1to50_exp_final_1kmAGG_cropped.img</srcused><procdate Sync="TRUE">20110708</procdate><proctime Sync="TRUE">15091200</proctime></procstep><procstep><procdesc Sync="TRUE">Dataset copied.</procdesc><srcused Sync="TRUE">W:\in_data\resist.img</srcused><procdate Sync="TRUE">20110709</procdate><proctime Sync="TRUE">18242700</proctime></procstep></lineage></dataqual></metadata>
