<?xml version="1.0"?>
<!--<!DOCTYPE metadata SYSTEM "http://www.esri.com/metadata/esriprof80.dtd">-->
<metadata xml:lang="en"><Esri><CreaDate>20110203</CreaDate><CreaTime>17164000</CreaTime><SyncOnce>FALSE</SyncOnce><SyncDate>20110203</SyncDate><SyncTime>17145700</SyncTime><ModDate>20110203</ModDate><ModTime>17145700</ModTime><DataProperties><lineage><Process ToolSource="C:\Program Files (x86)\ArcGIS\ArcToolbox\Toolboxes\Analysis Tools.tbx\Union" Date="20110203" Time="171457">Union "core #;Cores #" C:\temp\core_Union.shp ALL # GAPS</Process><Process ToolSource="C:\Program Files (x86)\ArcGIS\ArcToolbox\Toolboxes\Data Management Tools.tbx\SelectLayerByAttribute" Date="20110203" Time="172356">SelectLayerByAttribute fcores CLEAR_SELECTION # fcores</Process><Process ToolSource="C:\Program Files (x86)\ArcGIS\ArcToolbox\Toolboxes\Data Management Tools.tbx\SelectLayerByAttribute" Date="20110203" Time="172407">SelectLayerByAttribute fcores NEW_SELECTION "core_ID &lt;&gt; 7 AND core_ID &lt;&gt; 6" fcores</Process><Process ToolSource="C:\Program Files (x86)\ArcGIS\ArcToolbox\Toolboxes\Data Management Tools.tbx\SelectLayerByAttribute" Date="20110203" Time="172413">SelectLayerByAttribute fcores NEW_SELECTION "core_ID &lt;&gt; 8 AND core_ID &lt;&gt; 6" fcores</Process><Process ToolSource="C:\Program Files (x86)\ArcGIS\ArcToolbox\Toolboxes\Data Management Tools.tbx\SelectLayerByAttribute" Date="20110203" Time="172420">SelectLayerByAttribute fcores NEW_SELECTION "core_ID &lt;&gt; 12 AND core_ID &lt;&gt; 6" fcores</Process><Process ToolSource="C:\Program Files (x86)\ArcGIS\ArcToolbox\Toolboxes\Data Management Tools.tbx\SelectLayerByAttribute" Date="20110203" Time="172437">SelectLayerByAttribute fcores NEW_SELECTION "core_ID &lt;&gt; 8 AND core_ID &lt;&gt; 7" fcores</Process><Process ToolSource="C:\Program Files (x86)\ArcGIS\ArcToolbox\Toolboxes\Data Management Tools.tbx\SelectLayerByAttribute" Date="20110203" Time="172443">SelectLayerByAttribute fcores NEW_SELECTION "core_ID &lt;&gt; 10 AND core_ID &lt;&gt; 7" fcores</Process><Process ToolSource="C:\Program Files (x86)\ArcGIS\ArcToolbox\Toolboxes\Data Management Tools.tbx\SelectLayerByAttribute" Date="20110203" Time="172457">SelectLayerByAttribute fcores NEW_SELECTION "core_ID &lt;&gt; 10 AND core_ID &lt;&gt; 8" fcores</Process><Process ToolSource="C:\Program Files (x86)\ArcGIS\ArcToolbox\Toolboxes\Data Management Tools.tbx\SelectLayerByAttribute" Date="20110203" Time="172504">SelectLayerByAttribute fcores NEW_SELECTION "core_ID &lt;&gt; 12 AND core_ID &lt;&gt; 8" fcores</Process><Process ToolSource="C:\Program Files (x86)\ArcGIS\ArcToolbox\Toolboxes\Data Management Tools.tbx\SelectLayerByAttribute" Date="20110203" Time="172521">SelectLayerByAttribute fcores NEW_SELECTION "core_ID &lt;&gt; 12 AND core_ID &lt;&gt; 10" fcores</Process><Process ToolSource="C:\Program Files (x86)\ArcGIS\ArcToolbox\Toolboxes\Data Management Tools.tbx\SelectLayerByAttribute" Date="20110203" Time="173406">SelectLayerByAttribute fcores CLEAR_SELECTION # fcores</Process><Process ToolSource="C:\Program Files (x86)\ArcGIS\ArcToolbox\Toolboxes\Data Management Tools.tbx\SelectLayerByAttribute" Date="20110203" Time="173417">SelectLayerByAttribute fcores NEW_SELECTION "core_ID &lt;&gt; 9 AND core_ID &lt;&gt; 1" fcores</Process><Process ToolSource="C:\Program Files (x86)\ArcGIS\ArcToolbox\Toolboxes\Data Management Tools.tbx\SelectLayerByAttribute" Date="20110203" Time="173423">SelectLayerByAttribute fcores NEW_SELECTION "core_ID &lt;&gt; 11 AND core_ID &lt;&gt; 1" fcores</Process><Process ToolSource="C:\Program Files (x86)\ArcGIS\ArcToolbox\Toolboxes\Data Management Tools.tbx\SelectLayerByAttribute" Date="20110203" Time="173437">SelectLayerByAttribute fcores NEW_SELECTION "core_ID &lt;&gt; 8 AND core_ID &lt;&gt; 7" fcores</Process><Process ToolSource="C:\Program Files (x86)\ArcGIS\ArcToolbox\Toolboxes\Data Management Tools.tbx\SelectLayerByAttribute" Date="20110203" Time="173443">SelectLayerByAttribute fcores NEW_SELECTION "core_ID &lt;&gt; 9 AND core_ID &lt;&gt; 7" fcores</Process><Process ToolSource="C:\Program Files (x86)\ArcGIS\ArcToolbox\Toolboxes\Data Management Tools.tbx\SelectLayerByAttribute" Date="20110203" Time="173458">SelectLayerByAttribute fcores NEW_SELECTION "core_ID &lt;&gt; 9 AND core_ID &lt;&gt; 8" fcores</Process><Process ToolSource="C:\Program Files (x86)\ArcGIS\ArcToolbox\Toolboxes\Data Management Tools.tbx\SelectLayerByAttribute" Date="20110203" Time="173504">SelectLayerByAttribute fcores NEW_SELECTION "core_ID &lt;&gt; 11 AND core_ID &lt;&gt; 8" fcores</Process><Process ToolSource="C:\Program Files (x86)\ArcGIS\ArcToolbox\Toolboxes\Data Management Tools.tbx\SelectLayerByAttribute" Date="20110203" Time="173518">SelectLayerByAttribute fcores NEW_SELECTION "core_ID &lt;&gt; 11 AND core_ID &lt;&gt; 9" fcores</Process><Process ToolSource="C:\Program Files (x86)\ArcGIS\ArcToolbox\Toolboxes\Data Management Tools.tbx\SelectLayerByAttribute" Date="20110204" Time="115751">SelectLayerByAttribute fcores CLEAR_SELECTION # fcores</Process><Process ToolSource="C:\Program Files (x86)\ArcGIS\ArcToolbox\Toolboxes\Data Management Tools.tbx\SelectLayerByAttribute" Date="20110204" Time="115802">SelectLayerByAttribute fcores NEW_SELECTION "core_ID &lt;&gt; 9 AND core_ID &lt;&gt; 1" fcores</Process><Process ToolSource="C:\Program Files (x86)\ArcGIS\ArcToolbox\Toolboxes\Data Management Tools.tbx\SelectLayerByAttribute" Date="20110204" Time="115809">SelectLayerByAttribute fcores NEW_SELECTION "core_ID &lt;&gt; 11 AND core_ID &lt;&gt; 1" fcores</Process><Process ToolSource="C:\Program Files (x86)\ArcGIS\ArcToolbox\Toolboxes\Data Management Tools.tbx\SelectLayerByAttribute" Date="20110204" Time="115816">SelectLayerByAttribute fcores NEW_SELECTION "core_ID &lt;&gt; 13 AND core_ID &lt;&gt; 1" fcores</Process><Process ToolSource="C:\Program Files (x86)\ArcGIS\ArcToolbox\Toolboxes\Data Management Tools.tbx\SelectLayerByAttribute" Date="20110204" Time="115831">SelectLayerByAttribute fcores NEW_SELECTION "core_ID &lt;&gt; 8 AND core_ID &lt;&gt; 7" fcores</Process><Process ToolSource="C:\Program Files (x86)\ArcGIS\ArcToolbox\Toolboxes\Data Management Tools.tbx\SelectLayerByAttribute" Date="20110204" Time="115837">SelectLayerByAttribute fcores NEW_SELECTION "core_ID &lt;&gt; 9 AND core_ID &lt;&gt; 7" fcores</Process><Process ToolSource="C:\Program Files (x86)\ArcGIS\ArcToolbox\Toolboxes\Data Management Tools.tbx\SelectLayerByAttribute" Date="20110204" Time="115844">SelectLayerByAttribute fcores NEW_SELECTION "core_ID &lt;&gt; 13 AND core_ID &lt;&gt; 7" fcores</Process><Process ToolSource="C:\Program Files (x86)\ArcGIS\ArcToolbox\Toolboxes\Data Management Tools.tbx\SelectLayerByAttribute" Date="20110204" Time="115901">SelectLayerByAttribute fcores NEW_SELECTION "core_ID &lt;&gt; 9 AND core_ID &lt;&gt; 8" fcores</Process><Process ToolSource="C:\Program Files (x86)\ArcGIS\ArcToolbox\Toolboxes\Data Management Tools.tbx\SelectLayerByAttribute" Date="20110204" Time="115907">SelectLayerByAttribute fcores NEW_SELECTION "core_ID &lt;&gt; 11 AND core_ID &lt;&gt; 8" fcores</Process><Process ToolSource="C:\Program Files (x86)\ArcGIS\ArcToolbox\Toolboxes\Data Management Tools.tbx\SelectLayerByAttribute" Date="20110204" Time="115921">SelectLayerByAttribute fcores NEW_SELECTION "core_ID &lt;&gt; 11 AND core_ID &lt;&gt; 9" fcores</Process><Process ToolSource="C:\Program Files (x86)\ArcGIS\ArcToolbox\Toolboxes\Data Management Tools.tbx\SelectLayerByAttribute" Date="20110204" Time="115927">SelectLayerByAttribute fcores NEW_SELECTION "core_ID &lt;&gt; 13 AND core_ID &lt;&gt; 9" fcores</Process><Process ToolSource="C:\Program Files (x86)\ArcGIS\ArcToolbox\Toolboxes\Data Management Tools.tbx\SelectLayerByAttribute" Date="20110204" Time="115941">SelectLayerByAttribute fcores NEW_SELECTION "core_ID &lt;&gt; 13 AND core_ID &lt;&gt; 11" fcores</Process><Process ToolSource="C:\Program Files (x86)\ArcGIS\ArcToolbox\Toolboxes\Data Management Tools.tbx\SelectLayerByAttribute" Date="20110206" Time="132619">SelectLayerByAttribute fcores CLEAR_SELECTION # fcores</Process><Process ToolSource="C:\Program Files (x86)\ArcGIS\ArcToolbox\Toolboxes\Data Management Tools.tbx\SelectLayerByAttribute" Date="20110206" Time="132856">SelectLayerByAttribute fcores CLEAR_SELECTION # fcores</Process><Process ToolSource="C:\Program Files (x86)\ArcGIS\ArcToolbox\Toolboxes\Data Management Tools.tbx\SelectLayerByAttribute" Date="20110206" Time="133352">SelectLayerByAttribute fcores CLEAR_SELECTION # fcores</Process><Process ToolSource="C:\Program Files (x86)\ArcGIS\ArcToolbox\Toolboxes\Data Management Tools.tbx\SelectLayerByAttribute" Date="20110206" Time="181856">SelectLayerByAttribute fcores CLEAR_SELECTION # fcores</Process><Process ToolSource="C:\Program Files (x86)\ArcGIS\ArcToolbox\Toolboxes\Data Management Tools.tbx\SelectLayerByAttribute" Date="20110206" Time="181906">SelectLayerByAttribute fcores NEW_SELECTION "core_ID &lt;&gt; 9 AND core_ID &lt;&gt; 1" fcores</Process><Process ToolSource="C:\Program Files (x86)\ArcGIS\ArcToolbox\Toolboxes\Data Management Tools.tbx\SelectLayerByAttribute" Date="20110206" Time="181912">SelectLayerByAttribute fcores NEW_SELECTION "core_ID &lt;&gt; 11 AND core_ID &lt;&gt; 1" fcores</Process><Process ToolSource="C:\Program Files (x86)\ArcGIS\ArcToolbox\Toolboxes\Data Management Tools.tbx\SelectLayerByAttribute" Date="20110206" Time="181918">SelectLayerByAttribute fcores NEW_SELECTION "core_ID &lt;&gt; 13 AND core_ID &lt;&gt; 1" fcores</Process><Process ToolSource="C:\Program Files (x86)\ArcGIS\ArcToolbox\Toolboxes\Data Management Tools.tbx\SelectLayerByAttribute" Date="20110206" Time="181931">SelectLayerByAttribute fcores NEW_SELECTION "core_ID &lt;&gt; 8 AND core_ID &lt;&gt; 7" fcores</Process><Process ToolSource="C:\Program Files (x86)\ArcGIS\ArcToolbox\Toolboxes\Data Management Tools.tbx\SelectLayerByAttribute" Date="20110206" Time="181937">SelectLayerByAttribute fcores NEW_SELECTION "core_ID &lt;&gt; 9 AND core_ID &lt;&gt; 7" fcores</Process><Process ToolSource="C:\Program Files (x86)\ArcGIS\ArcToolbox\Toolboxes\Data Management Tools.tbx\SelectLayerByAttribute" Date="20110206" Time="181943">SelectLayerByAttribute fcores NEW_SELECTION "core_ID &lt;&gt; 13 AND core_ID &lt;&gt; 7" fcores</Process><Process ToolSource="C:\Program Files (x86)\ArcGIS\ArcToolbox\Toolboxes\Data Management Tools.tbx\SelectLayerByAttribute" Date="20110206" Time="181956">SelectLayerByAttribute fcores NEW_SELECTION "core_ID &lt;&gt; 9 AND core_ID &lt;&gt; 8" fcores</Process><Process ToolSource="C:\Program Files (x86)\ArcGIS\ArcToolbox\Toolboxes\Data Management Tools.tbx\SelectLayerByAttribute" Date="20110206" Time="182002">SelectLayerByAttribute fcores NEW_SELECTION "core_ID &lt;&gt; 11 AND core_ID &lt;&gt; 8" fcores</Process><Process ToolSource="C:\Program Files (x86)\ArcGIS\ArcToolbox\Toolboxes\Data Management Tools.tbx\SelectLayerByAttribute" Date="20110206" Time="182015">SelectLayerByAttribute fcores NEW_SELECTION "core_ID &lt;&gt; 11 AND core_ID &lt;&gt; 9" fcores</Process><Process ToolSource="C:\Program Files (x86)\ArcGIS\ArcToolbox\Toolboxes\Data Management Tools.tbx\SelectLayerByAttribute" Date="20110206" Time="182021">SelectLayerByAttribute fcores NEW_SELECTION "core_ID &lt;&gt; 13 AND core_ID &lt;&gt; 9" fcores</Process><Process ToolSource="C:\Program Files (x86)\ArcGIS\ArcToolbox\Toolboxes\Data Management Tools.tbx\SelectLayerByAttribute" Date="20110206" Time="182035">SelectLayerByAttribute fcores NEW_SELECTION "core_ID &lt;&gt; 13 AND core_ID &lt;&gt; 11" fcores</Process><Process ToolSource="C:\Program Files (x86)\ArcGIS\ArcToolbox\Toolboxes\Data Management Tools.tbx\SelectLayerByAttribute" Date="20110206" Time="182847">SelectLayerByAttribute fcores CLEAR_SELECTION # fcores</Process><Process ToolSource="C:\Program Files (x86)\ArcGIS\ArcToolbox\Toolboxes\Data Management Tools.tbx\SelectLayerByAttribute" Date="20110206" Time="183218">SelectLayerByAttribute fcores CLEAR_SELECTION # fcores</Process><Process ToolSource="C:\Program Files (x86)\ArcGIS\ArcToolbox\Toolboxes\Data Management Tools.tbx\SelectLayerByAttribute" Date="20110402" Time="103518">SelectLayerByAttribute fcores CLEAR_SELECTION # fcores</Process><Process ToolSource="C:\Program Files (x86)\ArcGIS\ArcToolbox\Toolboxes\Data Management Tools.tbx\SelectLayerByAttribute" Date="20110402" Time="103533">SelectLayerByAttribute fcores NEW_SELECTION "core_ID &lt;&gt; 9 AND core_ID &lt;&gt; 1" fcores</Process><Process ToolSource="C:\Program Files (x86)\ArcGIS\ArcToolbox\Toolboxes\Data Management Tools.tbx\SelectLayerByAttribute" Date="20110402" Time="103539">SelectLayerByAttribute fcores NEW_SELECTION "core_ID &lt;&gt; 11 AND core_ID &lt;&gt; 1" fcores</Process><Process ToolSource="C:\Program Files (x86)\ArcGIS\ArcToolbox\Toolboxes\Data Management Tools.tbx\SelectLayerByAttribute" Date="20110402" Time="103546">SelectLayerByAttribute fcores NEW_SELECTION "core_ID &lt;&gt; 13 AND core_ID &lt;&gt; 1" fcores</Process><Process ToolSource="C:\Program Files (x86)\ArcGIS\ArcToolbox\Toolboxes\Data Management Tools.tbx\SelectLayerByAttribute" Date="20110402" Time="103600">SelectLayerByAttribute fcores NEW_SELECTION "core_ID &lt;&gt; 8 AND core_ID &lt;&gt; 7" fcores</Process><Process ToolSource="C:\Program Files (x86)\ArcGIS\ArcToolbox\Toolboxes\Data Management Tools.tbx\SelectLayerByAttribute" Date="20110402" Time="103606">SelectLayerByAttribute fcores NEW_SELECTION "core_ID &lt;&gt; 9 AND core_ID &lt;&gt; 7" fcores</Process><Process ToolSource="C:\Program Files (x86)\ArcGIS\ArcToolbox\Toolboxes\Data Management Tools.tbx\SelectLayerByAttribute" Date="20110402" Time="103613">SelectLayerByAttribute fcores NEW_SELECTION "core_ID &lt;&gt; 13 AND core_ID &lt;&gt; 7" fcores</Process><Process ToolSource="C:\Program Files (x86)\ArcGIS\ArcToolbox\Toolboxes\Data Management Tools.tbx\SelectLayerByAttribute" Date="20110402" Time="103628">SelectLayerByAttribute fcores NEW_SELECTION "core_ID &lt;&gt; 9 AND core_ID &lt;&gt; 8" fcores</Process><Process ToolSource="C:\Program Files (x86)\ArcGIS\ArcToolbox\Toolboxes\Data Management Tools.tbx\SelectLayerByAttribute" Date="20110402" Time="103634">SelectLayerByAttribute fcores NEW_SELECTION "core_ID &lt;&gt; 11 AND core_ID &lt;&gt; 8" fcores</Process><Process ToolSource="C:\Program Files (x86)\ArcGIS\ArcToolbox\Toolboxes\Data Management Tools.tbx\SelectLayerByAttribute" Date="20110402" Time="103648">SelectLayerByAttribute fcores NEW_SELECTION "core_ID &lt;&gt; 11 AND core_ID &lt;&gt; 9" fcores</Process><Process ToolSource="C:\Program Files (x86)\ArcGIS\ArcToolbox\Toolboxes\Data Management Tools.tbx\SelectLayerByAttribute" Date="20110402" Time="103654">SelectLayerByAttribute fcores NEW_SELECTION "core_ID &lt;&gt; 13 AND core_ID &lt;&gt; 9" fcores</Process><Process ToolSource="C:\Program Files (x86)\ArcGIS\ArcToolbox\Toolboxes\Data Management Tools.tbx\SelectLayerByAttribute" Date="20110402" Time="105126">SelectLayerByAttribute fcores CLEAR_SELECTION # fcores</Process><Process ToolSource="C:\Program Files (x86)\ArcGIS\ArcToolbox\Toolboxes\Data Management Tools.tbx\SelectLayerByAttribute" Date="20110402" Time="105137">SelectLayerByAttribute fcores NEW_SELECTION "core_ID &lt;&gt; 9 AND core_ID &lt;&gt; 1" fcores</Process><Process ToolSource="C:\Program Files (x86)\ArcGIS\ArcToolbox\Toolboxes\Data Management Tools.tbx\SelectLayerByAttribute" Date="20110402" Time="105143">SelectLayerByAttribute fcores NEW_SELECTION "core_ID &lt;&gt; 11 AND core_ID &lt;&gt; 1" fcores</Process><Process ToolSource="C:\Program Files (x86)\ArcGIS\ArcToolbox\Toolboxes\Data Management Tools.tbx\SelectLayerByAttribute" Date="20110402" Time="105157">SelectLayerByAttribute fcores NEW_SELECTION "core_ID &lt;&gt; 8 AND core_ID &lt;&gt; 7" fcores</Process><Process ToolSource="C:\Program Files (x86)\ArcGIS\ArcToolbox\Toolboxes\Data Management Tools.tbx\SelectLayerByAttribute" Date="20110402" Time="105204">SelectLayerByAttribute fcores NEW_SELECTION "core_ID &lt;&gt; 9 AND core_ID &lt;&gt; 7" fcores</Process><Process ToolSource="C:\Program Files (x86)\ArcGIS\ArcToolbox\Toolboxes\Data Management Tools.tbx\SelectLayerByAttribute" Date="20110402" Time="105209">SelectLayerByAttribute fcores NEW_SELECTION "core_ID &lt;&gt; 13 AND core_ID &lt;&gt; 7" fcores</Process><Process ToolSource="C:\Program Files (x86)\ArcGIS\ArcToolbox\Toolboxes\Data Management Tools.tbx\SelectLayerByAttribute" Date="20110402" Time="105223">SelectLayerByAttribute fcores NEW_SELECTION "core_ID &lt;&gt; 9 AND core_ID &lt;&gt; 8" fcores</Process><Process ToolSource="C:\Program Files (x86)\ArcGIS\ArcToolbox\Toolboxes\Data Management Tools.tbx\SelectLayerByAttribute" Date="20110402" Time="105229">SelectLayerByAttribute fcores NEW_SELECTION "core_ID &lt;&gt; 11 AND core_ID &lt;&gt; 8" fcores</Process><Process ToolSource="C:\Program Files (x86)\ArcGIS\ArcToolbox\Toolboxes\Data Management Tools.tbx\SelectLayerByAttribute" Date="20110402" Time="105243">SelectLayerByAttribute fcores NEW_SELECTION "core_ID &lt;&gt; 11 AND core_ID &lt;&gt; 9" fcores</Process><Process ToolSource="C:\Program Files (x86)\ArcGIS\ArcToolbox\Toolboxes\Data Management Tools.tbx\SelectLayerByAttribute" Date="20110402" Time="105250">SelectLayerByAttribute fcores NEW_SELECTION "core_ID &lt;&gt; 13 AND core_ID &lt;&gt; 9" fcores</Process><Process ToolSource="C:\Program Files (x86)\ArcGIS\ArcToolbox\Toolboxes\Data Management Tools.tbx\SelectLayerByAttribute" Date="20111002" Time="083136">SelectLayerByAttribute fcores CLEAR_SELECTION # fcores</Process><Process ToolSource="C:\Program Files (x86)\ArcGIS\ArcToolbox\Toolboxes\Data Management Tools.tbx\SelectLayerByAttribute" Date="20111002" Time="083147">SelectLayerByAttribute fcores NEW_SELECTION "core_ID &lt;&gt; 9 AND core_ID &lt;&gt; 1" fcores</Process><Process ToolSource="C:\Program Files (x86)\ArcGIS\ArcToolbox\Toolboxes\Data Management Tools.tbx\SelectLayerByAttribute" Date="20111002" Time="083154">SelectLayerByAttribute fcores NEW_SELECTION "core_ID &lt;&gt; 11 AND core_ID &lt;&gt; 1" fcores</Process><Process ToolSource="C:\Program Files (x86)\ArcGIS\ArcToolbox\Toolboxes\Data Management Tools.tbx\SelectLayerByAttribute" Date="20111002" Time="083207">SelectLayerByAttribute fcores NEW_SELECTION "core_ID &lt;&gt; 13 AND core_ID &lt;&gt; 1" fcores</Process><Process ToolSource="C:\Program Files (x86)\ArcGIS\ArcToolbox\Toolboxes\Data Management Tools.tbx\SelectLayerByAttribute" Date="20111002" Time="083220">SelectLayerByAttribute fcores NEW_SELECTION "core_ID &lt;&gt; 8 AND core_ID &lt;&gt; 7" fcores</Process><Process ToolSource="C:\Program Files (x86)\ArcGIS\ArcToolbox\Toolboxes\Data Management Tools.tbx\SelectLayerByAttribute" Date="20111002" Time="083225">SelectLayerByAttribute fcores NEW_SELECTION "core_ID &lt;&gt; 9 AND core_ID &lt;&gt; 7" fcores</Process><Process ToolSource="C:\Program Files (x86)\ArcGIS\ArcToolbox\Toolboxes\Data Management Tools.tbx\SelectLayerByAttribute" Date="20111002" Time="083231">SelectLayerByAttribute fcores NEW_SELECTION "core_ID &lt;&gt; 13 AND core_ID &lt;&gt; 7" fcores</Process><Process ToolSource="C:\Program Files (x86)\ArcGIS\ArcToolbox\Toolboxes\Data Management Tools.tbx\SelectLayerByAttribute" Date="20111002" Time="083244">SelectLayerByAttribute fcores NEW_SELECTION "core_ID &lt;&gt; 9 AND core_ID &lt;&gt; 8" fcores</Process><Process ToolSource="C:\Program Files (x86)\ArcGIS\ArcToolbox\Toolboxes\Data Management Tools.tbx\SelectLayerByAttribute" Date="20111002" Time="083250">SelectLayerByAttribute fcores NEW_SELECTION "core_ID &lt;&gt; 11 AND core_ID &lt;&gt; 8" fcores</Process><Process ToolSource="C:\Program Files (x86)\ArcGIS\ArcToolbox\Toolboxes\Data Management Tools.tbx\SelectLayerByAttribute" Date="20111002" Time="083303">SelectLayerByAttribute fcores NEW_SELECTION "core_ID &lt;&gt; 11 AND core_ID &lt;&gt; 9" fcores</Process><Process ToolSource="C:\Program Files (x86)\ArcGIS\ArcToolbox\Toolboxes\Data Management Tools.tbx\SelectLayerByAttribute" Date="20111002" Time="083308">SelectLayerByAttribute fcores NEW_SELECTION "core_ID &lt;&gt; 13 AND core_ID &lt;&gt; 9" fcores</Process><Process ToolSource="C:\Program Files (x86)\ArcGIS\ArcToolbox\Toolboxes\Data Management Tools.tbx\SelectLayerByAttribute" Date="20111002" Time="141755">SelectLayerByAttribute fcores CLEAR_SELECTION # fcores</Process><Process ToolSource="C:\Program Files (x86)\ArcGIS\ArcToolbox\Toolboxes\Data Management Tools.tbx\SelectLayerByAttribute" Date="20111002" Time="141806">SelectLayerByAttribute fcores NEW_SELECTION "core_ID &lt;&gt; 9 AND core_ID &lt;&gt; 1" fcores</Process><Process ToolSource="C:\Program Files (x86)\ArcGIS\ArcToolbox\Toolboxes\Data Management Tools.tbx\SelectLayerByAttribute" Date="20111002" Time="141813">SelectLayerByAttribute fcores NEW_SELECTION "core_ID &lt;&gt; 11 AND core_ID &lt;&gt; 1" fcores</Process><Process ToolSource="C:\Program Files (x86)\ArcGIS\ArcToolbox\Toolboxes\Data Management Tools.tbx\SelectLayerByAttribute" Date="20111002" Time="141819">SelectLayerByAttribute fcores NEW_SELECTION "core_ID &lt;&gt; 13 AND core_ID &lt;&gt; 1" fcores</Process><Process ToolSource="C:\Program Files (x86)\ArcGIS\ArcToolbox\Toolboxes\Data Management Tools.tbx\SelectLayerByAttribute" Date="20111002" Time="141834">SelectLayerByAttribute fcores NEW_SELECTION "core_ID &lt;&gt; 8 AND core_ID &lt;&gt; 7" fcores</Process><Process ToolSource="C:\Program Files (x86)\ArcGIS\ArcToolbox\Toolboxes\Data Management Tools.tbx\SelectLayerByAttribute" Date="20111002" Time="141840">SelectLayerByAttribute fcores NEW_SELECTION "core_ID &lt;&gt; 9 AND core_ID &lt;&gt; 7" fcores</Process><Process ToolSource="C:\Program Files (x86)\ArcGIS\ArcToolbox\Toolboxes\Data Management Tools.tbx\SelectLayerByAttribute" Date="20111002" Time="141846">SelectLayerByAttribute fcores NEW_SELECTION "core_ID &lt;&gt; 13 AND core_ID &lt;&gt; 7" fcores</Process><Process ToolSource="C:\Program Files (x86)\ArcGIS\ArcToolbox\Toolboxes\Data Management Tools.tbx\SelectLayerByAttribute" Date="20111002" Time="141900">SelectLayerByAttribute fcores NEW_SELECTION "core_ID &lt;&gt; 9 AND core_ID &lt;&gt; 8" fcores</Process><Process ToolSource="C:\Program Files (x86)\ArcGIS\ArcToolbox\Toolboxes\Data Management Tools.tbx\SelectLayerByAttribute" Date="20111002" Time="141906">SelectLayerByAttribute fcores NEW_SELECTION "core_ID &lt;&gt; 11 AND core_ID &lt;&gt; 8" fcores</Process><Process ToolSource="C:\Program Files (x86)\ArcGIS\ArcToolbox\Toolboxes\Data Management Tools.tbx\SelectLayerByAttribute" Date="20111002" Time="141921">SelectLayerByAttribute fcores NEW_SELECTION "core_ID &lt;&gt; 11 AND core_ID &lt;&gt; 9" fcores</Process><Process ToolSource="C:\Program Files (x86)\ArcGIS\ArcToolbox\Toolboxes\Data Management Tools.tbx\SelectLayerByAttribute" Date="20111002" Time="141933">SelectLayerByAttribute fcores NEW_SELECTION "core_ID &lt;&gt; 13 AND core_ID &lt;&gt; 9" fcores</Process><Process ToolSource="C:\Program Files (x86)\ArcGIS\ArcToolbox\Toolboxes\Data Management Tools.tbx\SelectLayerByAttribute" Date="20111101" Time="104755">SelectLayerByAttribute fcores CLEAR_SELECTION # fcores</Process><Process ToolSource="C:\Program Files (x86)\ArcGIS\ArcToolbox\Toolboxes\Data Management Tools.tbx\SelectLayerByAttribute" Date="20111101" Time="104808">SelectLayerByAttribute fcores NEW_SELECTION "core_ID &lt;&gt; 9 AND core_ID &lt;&gt; 1" fcores</Process><Process ToolSource="C:\Program Files (x86)\ArcGIS\ArcToolbox\Toolboxes\Data Management Tools.tbx\SelectLayerByAttribute" Date="20111101" Time="104819">SelectLayerByAttribute fcores NEW_SELECTION "core_ID &lt;&gt; 11 AND core_ID &lt;&gt; 1" fcores</Process><Process ToolSource="C:\Program Files (x86)\ArcGIS\ArcToolbox\Toolboxes\Data Management Tools.tbx\SelectLayerByAttribute" Date="20111101" Time="104825">SelectLayerByAttribute fcores NEW_SELECTION "core_ID &lt;&gt; 13 AND core_ID &lt;&gt; 1" fcores</Process><Process ToolSource="C:\Program Files (x86)\ArcGIS\ArcToolbox\Toolboxes\Data Management Tools.tbx\SelectLayerByAttribute" Date="20111101" Time="104842">SelectLayerByAttribute fcores NEW_SELECTION "core_ID &lt;&gt; 8 AND core_ID &lt;&gt; 7" fcores</Process><Process ToolSource="C:\Program Files (x86)\ArcGIS\ArcToolbox\Toolboxes\Data Management Tools.tbx\SelectLayerByAttribute" Date="20111101" Time="104848">SelectLayerByAttribute fcores NEW_SELECTION "core_ID &lt;&gt; 9 AND core_ID &lt;&gt; 7" fcores</Process><Process ToolSource="C:\Program Files (x86)\ArcGIS\ArcToolbox\Toolboxes\Data Management Tools.tbx\SelectLayerByAttribute" Date="20111101" Time="104855">SelectLayerByAttribute fcores NEW_SELECTION "core_ID &lt;&gt; 13 AND core_ID &lt;&gt; 7" fcores</Process><Process ToolSource="C:\Program Files (x86)\ArcGIS\ArcToolbox\Toolboxes\Data Management Tools.tbx\SelectLayerByAttribute" Date="20111101" Time="104909">SelectLayerByAttribute fcores NEW_SELECTION "core_ID &lt;&gt; 9 AND core_ID &lt;&gt; 8" fcores</Process><Process ToolSource="C:\Program Files (x86)\ArcGIS\ArcToolbox\Toolboxes\Data Management Tools.tbx\SelectLayerByAttribute" Date="20111101" Time="104916">SelectLayerByAttribute fcores NEW_SELECTION "core_ID &lt;&gt; 11 AND core_ID &lt;&gt; 8" fcores</Process><Process ToolSource="C:\Program Files (x86)\ArcGIS\ArcToolbox\Toolboxes\Data Management Tools.tbx\SelectLayerByAttribute" Date="20111101" Time="104942">SelectLayerByAttribute fcores NEW_SELECTION "core_ID &lt;&gt; 11 AND core_ID &lt;&gt; 9" fcores</Process><Process ToolSource="C:\Program Files (x86)\ArcGIS\ArcToolbox\Toolboxes\Data Management Tools.tbx\SelectLayerByAttribute" Date="20111101" Time="104949">SelectLayerByAttribute fcores NEW_SELECTION "core_ID &lt;&gt; 13 AND core_ID &lt;&gt; 9" fcores</Process></lineage></DataProperties><MetaID>{50C81293-5640-41DA-AC7C-7390DB66401D}</MetaID></Esri><idinfo><native Sync="TRUE">Microsoft Windows Vista Version 6.1 (Build 7600) ; ESRI ArcCatalog 9.3.1.1850</native><descript><langdata Sync="TRUE">en</langdata><abstract>REQUIRED: A brief narrative summary of the data set.</abstract><purpose>REQUIRED: A summary of the intentions with which the data set was developed.</purpose></descript><citation><citeinfo><origin>REQUIRED: The name of an organization or individual that developed the data set.</origin><pubdate>REQUIRED: The date when the data set is published or otherwise made available for release.</pubdate><title Sync="TRUE">core_Union</title><ftname Sync="TRUE">core_Union</ftname><geoform Sync="TRUE">vector digital data</geoform><onlink Sync="TRUE"></onlink></citeinfo></citation><timeperd><current>REQUIRED: The basis on which the time period of content information is determined.</current><timeinfo><sngdate><caldate>REQUIRED: The year (and optionally month, or month and day) for which the data set corresponds to the ground.</caldate></sngdate></timeinfo></timeperd><status><progress>REQUIRED: The state of the data set.</progress><update>REQUIRED: The frequency with which changes and additions are made to the data set after the initial data set is completed.</update></status><spdom><bounding><westbc Sync="TRUE">REQUIRED: Western-most coordinate of the limit of coverage expressed in longitude.</westbc><eastbc Sync="TRUE">REQUIRED: Eastern-most coordinate of the limit of coverage expressed in longitude.</eastbc><northbc Sync="TRUE">REQUIRED: Northern-most coordinate of the limit of coverage expressed in latitude.</northbc><southbc Sync="TRUE">REQUIRED: Southern-most coordinate of the limit of coverage expressed in latitude.</southbc></bounding></spdom><keywords><theme><themekt>REQUIRED: Reference to a formally registered thesaurus or a similar authoritative source of theme keywords.</themekt><themekey>REQUIRED: Common-use word or phrase used to describe the subject of the data set.</themekey></theme></keywords><accconst>REQUIRED: Restrictions and legal prerequisites for accessing the data set.</accconst><useconst>REQUIRED: Restrictions and legal prerequisites for using the data set after access is granted.</useconst><natvform Sync="TRUE">Shapefile</natvform></idinfo><dataIdInfo><envirDesc Sync="TRUE">Microsoft Windows Vista Version 6.1 (Build 7600) ; ESRI ArcCatalog 9.3.1.1850</envirDesc><dataLang><languageCode Sync="TRUE" value="en"></languageCode></dataLang><idCitation><resTitle Sync="TRUE">core_Union</resTitle><presForm><PresFormCd Sync="TRUE" value="005"></PresFormCd></presForm></idCitation><spatRpType><SpatRepTypCd Sync="TRUE" value="001"></SpatRepTypCd></spatRpType></dataIdInfo><metainfo><langmeta Sync="TRUE">en</langmeta><metstdn Sync="TRUE">FGDC Content Standards for Digital Geospatial Metadata</metstdn><metstdv Sync="TRUE">FGDC-STD-001-1998</metstdv><mettc Sync="TRUE">local time</mettc><metextns><onlink Sync="TRUE">http://www.esri.com/metadata/esriprof80.html</onlink><metprof Sync="TRUE">ESRI Metadata Profile</metprof></metextns><metc><cntinfo><cntorgp><cntper>REQUIRED: The person responsible for the metadata information.</cntper><cntorg>REQUIRED: The organization responsible for the metadata information.</cntorg></cntorgp><cntaddr><addrtype>REQUIRED: The mailing and/or physical address for the organization or individual.</addrtype><city>REQUIRED: The city of the address.</city><state>REQUIRED: The state or province of the address.</state><postal>REQUIRED: The ZIP or other postal code of the address.</postal></cntaddr><cntvoice>REQUIRED: The telephone number by which individuals can speak to the organization or individual.</cntvoice></cntinfo></metc><metd Sync="TRUE">20110203</metd></metainfo><mdLang><languageCode Sync="TRUE" value="en"></languageCode></mdLang><mdStanName Sync="TRUE">ISO 19115 Geographic Information - Metadata</mdStanName><mdStanVer Sync="TRUE">DIS_ESRI1.0</mdStanVer><mdChar><CharSetCd Sync="TRUE" value="004"></CharSetCd></mdChar><mdHrLv><ScopeCd Sync="TRUE" value="005"></ScopeCd></mdHrLv><mdHrLvName Sync="TRUE">dataset</mdHrLvName><distinfo><resdesc Sync="TRUE">Downloadable Data</resdesc><stdorder><digform><digtinfo><transize Sync="TRUE">0.000</transize><dssize Sync="TRUE">0.000</dssize></digtinfo></digform></stdorder></distinfo><distInfo><distributor><distorTran><onLineSrc><orDesc Sync="TRUE">002</orDesc><linkage Sync="TRUE">file://</linkage><protocol Sync="TRUE">Local Area Network</protocol></onLineSrc><transSize Sync="TRUE">0.000</transSize></distorTran><distorFormat><formatName Sync="TRUE">Shapefile</formatName></distorFormat></distributor></distInfo><spdoinfo><direct Sync="TRUE">Vector</direct><ptvctinf><esriterm Name="core_Union"><efeatyp Sync="TRUE">Simple</efeatyp><efeageom Sync="TRUE">Polygon</efeageom><esritopo Sync="TRUE">FALSE</esritopo><efeacnt Sync="TRUE">0</efeacnt><spindex Sync="TRUE">FALSE</spindex><linrefer Sync="TRUE">FALSE</linrefer></esriterm><sdtsterm Name="core_Union"><sdtstype Sync="TRUE">G-polygon</sdtstype><ptvctcnt Sync="TRUE">0</ptvctcnt></sdtsterm></ptvctinf></spdoinfo><spref><horizsys><cordsysn><geogcsn Sync="TRUE">GCS_North_American_1983</geogcsn><projcsn Sync="TRUE">HabConnectProjectArea_North_America_Albers_Equal_Area_Conic</projcsn></cordsysn><planar><mapproj><mapprojn Sync="TRUE">Albers Conical Equal Area</mapprojn><albers><stdparll Sync="TRUE">43.000000</stdparll><stdparll Sync="TRUE">48.000000</stdparll><longcm Sync="TRUE">-120.000000</longcm><latprjo Sync="TRUE">41.000000</latprjo><feast Sync="TRUE">700000.000000</feast><fnorth Sync="TRUE">0.000000</fnorth></albers></mapproj><planci><plance Sync="TRUE">coordinate pair</plance><plandu Sync="TRUE">meters</plandu><coordrep><absres Sync="TRUE">0.000000</absres><ordres Sync="TRUE">0.000000</ordres></coordrep></planci></planar><geodetic><horizdn Sync="TRUE">North American Datum of 1983</horizdn><ellips Sync="TRUE">Geodetic Reference System 80</ellips><semiaxis Sync="TRUE">6378137.000000</semiaxis><denflat Sync="TRUE">298.257222</denflat></geodetic></horizsys></spref><refSysInfo><RefSystem><refSysID><identCode Sync="TRUE">HabConnectProjectArea_North_America_Albers_Equal_Area_Conic</identCode></refSysID></RefSystem></refSysInfo><spatRepInfo><VectSpatRep><topLvl><TopoLevCd Sync="TRUE" value="001"></TopoLevCd></topLvl><geometObjs Name="core_Union"><geoObjTyp><GeoObjTypCd Sync="TRUE" value="001"></GeoObjTypCd></geoObjTyp><geoObjCnt Sync="TRUE">0</geoObjCnt></geometObjs></VectSpatRep></spatRepInfo><eainfo><detailed Name="core_Union"><enttyp><enttypl Sync="TRUE">core_Union</enttypl><enttypt Sync="TRUE">Feature Class</enttypt><enttypc Sync="TRUE">0</enttypc></enttyp><attr><attrlabl Sync="TRUE">FID</attrlabl><attalias Sync="TRUE">FID</attalias><attrtype Sync="TRUE">OID</attrtype><attwidth Sync="TRUE">4</attwidth><atprecis Sync="TRUE">0</atprecis><attscale Sync="TRUE">0</attscale><attrdef Sync="TRUE">Internal feature number.</attrdef><attrdefs Sync="TRUE">ESRI</attrdefs><attrdomv><udom Sync="TRUE">Sequential unique whole numbers that are automatically generated.</udom></attrdomv></attr><attr><attrlabl Sync="TRUE">Shape</attrlabl><attalias Sync="TRUE">Shape</attalias><attrtype Sync="TRUE">Geometry</attrtype><attwidth Sync="TRUE">0</attwidth><atprecis Sync="TRUE">0</atprecis><attscale Sync="TRUE">0</attscale><attrdef Sync="TRUE">Feature geometry.</attrdef><attrdefs Sync="TRUE">ESRI</attrdefs><attrdomv><udom Sync="TRUE">Coordinates defining the features.</udom></attrdomv></attr><attr><attrlabl Sync="TRUE">FID_core</attrlabl><attalias Sync="TRUE">FID_core</attalias><attrtype Sync="TRUE">Number</attrtype><attwidth Sync="TRUE">9</attwidth></attr><attr><attrlabl Sync="TRUE">ID</attrlabl><attalias Sync="TRUE">ID</attalias><attrtype Sync="TRUE">Number</attrtype><attwidth Sync="TRUE">9</attwidth></attr><attr><attrlabl Sync="TRUE">ELEM_TEXT</attrlabl><attalias Sync="TRUE">ELEM_TEXT</attalias><attrtype Sync="TRUE">String</attrtype><attwidth Sync="TRUE">254</attwidth></attr><attr><attrlabl Sync="TRUE">FID_cores</attrlabl><attalias Sync="TRUE">FID_cores</attalias><attrtype Sync="TRUE">Number</attrtype><attwidth Sync="TRUE">9</attwidth></attr><attr><attrlabl Sync="TRUE">core_ID</attrlabl><attalias Sync="TRUE">core_ID</attalias><attrtype Sync="TRUE">Number</attrtype><attwidth Sync="TRUE">4</attwidth></attr></detailed></eainfo><mdDateSt Sync="TRUE">20110203</mdDateSt><dataqual><lineage><procstep><procdesc Sync="TRUE">Dataset copied.</procdesc><srcused Sync="TRUE"></srcused><procdate Sync="TRUE">20110203</procdate><proctime Sync="TRUE">17164000</proctime></procstep></lineage></dataqual></metadata>
